,fecha,programa,seccion,tags,tags_2,loc,titulo,titulo_2,subtiulo,texto,url,pos,crawl_day
0,2022-10-06,Hoy por Hoy,Sociedad,"Sociedad, Colegios mayores, Universidad, Estudiantes, Madrid, Acoso sexual, Machismo","Sociedad, Colegios mayores, Universidad, Estudiantes, Madrid, Acoso sexual, Machismo",Madrid,"""Putas, salid de vuestras madrigueras como conejas"": vergonzoso acoso machista a universitarias de los estudiantes de un colegio mayor de Madrid","""Putas, salid de vuestras madrigueras como conejas"": vergonzoso acoso machista a universitarias de los estudiantes de un colegio mayor de Madrid","Deplorables frases que se escucha gritar desde una ventana del colegio universitario a uno de los estudiantes y que es aclamado por el resto de residentes. El autor de las expresiones iniciales ha sido expulsado, seg√∫n confirma el colegio mayor a la SER","MadridCondena y miedo son las reacciones m√°s le√≠das en las redes sociales ante un v√≠deo difundido en Internet en el que se escucha a universitarios del Colegio Mayor privado y religioso El√≠as Ahuja adscrito a la Universidad Complutense dirigirse a las estudiantes residentes del Colegio Mayor femenino Santa M√≥nica, y que se sit√∫a justo enfrente del primero. ""Putas, salid de vuestras madrigueras como conejas... sois unas putas ninf√≥manas, os prometo que vais a follar todas en la capea, ¬°vamos Ahuja!"": son las deplorables frases que se escucha gritar desde una ventaba del colegio universitario a uno de los estudiantes. Cuando acaba de berrear, el resto de las ventanas de la fachada se llenan de m√°s j√≥venes que gritan exacerbados y golpeando las persianas en un acto que parece organizado previamente.M√°s informaci√≥nLa Fiscal√≠a General del Estado ordena abrir una investigaci√≥n sobre los gritos machistasExpulsado un universitarioEl suceso tuvo lugar el domingo por la noche y por ahora solo ha sido expulsado el autor de los gritos iniciales, seg√∫n ha confirmado en Hoy por hoy el director del colegio. ""Condenamos radicalmente esas expresiones, son inaceptables e inexplicables"", ha asegurado Manuel Garc√≠a Artiga en una entrevista con √Ängels Barcel√≥. El director del colegio mayor ha confirmado que los alumnos se disculpar√°n mediante ""una carta p√∫blica"" con las estudiantes del Santa M√≥nica y el colegio organizar√° un ""ciclo de conferencias"" en las que profesionales expliquen a los residentes ""c√≥mo debe ser su forma de actuar en una sociedad democr√°tica occidental"". ""Todos los implicados van a hacer un voluntariado para ayudar a colectivos que est√©n sufriendo en Madrid"", ha explicado Garc√≠a Artiga.Play/PauseManuel Garc√≠a Artiga, director Colegio Mayor El√≠as Ahuja: ""Es una forma que tienen de expresarse""05:58Mostrar OpcionesCerrarDescargarCompartirCerrarCompartirFacebookTwitterLinkedinWhatsappEmbeberEl c√≥digo iframe se ha copiado en el portapapeles<iframe src=""https://cadenaser.com/embed/audio/460/1665046313857/"" width=""100%"" height=""360"" frameborder=""0"" allowfullscreen></iframe>La Universidad Complutense de Madrid ha movido ficha y ya ha anunciado que abrir√° un expediente informativo a los alumnos del colegio mayor por lo sucedido. La Complutense, a la que est√° adscrito este colegio mayor, planea aplicar sanciones tanto al alumno que profiere esos insultos como al casi centenar de compa√±eros que lo jalean. La Complutense pretende ""analizar lo ocurrido y depurar responsabilidades"".üî¥üìª Hablamos en directo con el director del Colegio Mayor masculino El√≠as Ahuja‚ÄúCondenamos las expresiones. El vigilante de noche y yo mismo intentamos pararlo, pero no nos dio tiempo llegar. Vamos a aplicar con contundencia el r√©gimen disciplinario‚Äù https://t.co/eNQHeWoDgr pic.twitter.com/aYaO9h6BqB‚Äî Hoy por Hoy (@HoyPorHoy) October 6, 2022

El comportamiento machista ha sido censurado en las redes sociales: ""Aterrorizada y con ganas de vomitar"", asegura una tuitera que opina que no es ""nada gracioso el borreguismo de los estudiantes"" del El√≠as Ah√∫ja. Otro pide ""medidas contra la direcci√≥n del colegio"" si no expulsa a todos los participantes en el acoso"". Para otros se trata de ""ni√±atos"", pero muchos les califican de ""depredadores"" que dan ""p√°nico"". ""Jaur√≠a"".Acoso machista repetidoNo es la primera vez que se produce en el colegio mayor este reprochable comportamiento. De hecho, hay v√≠deos en la red social Tik Tok con gritos y coreograf√≠a similar del 18 de octubre de 2021.La periodista √Ångela Ruiz cuenta en Twitter que ella tambi√©n residi√≥ en el colegio mayor de en frente hace 10 a√±os y ya entonces se viv√≠an este tipo de situaciones: ""Yo fui una de esas ""M√≥nicas, putas"" y o√≠ este tipo de gritos CADA D√çA durante los 2 cursos que pas√© en el colegio mayo"", recuerda.Yo fui una de esas ""M√≥nicas, putas"" y o√≠ este tipo de gritos CADA D√çA durante los 2 cursos que pas√© en el colegio mayor. Han pasado 10 a√±os de esto... https://t.co/z1UXzuzwUJ‚Äî √Ångela Ruiz (@ahelaruiz) October 6, 2022

Los dos √∫ltimos tuits publicados por el Colegio Mayor privado El√≠as Ah√∫ja son sendos retuits a Roc√≠o Monasterio (Vox). En ese colegio residi√≥ adem√°s el expresidente del PP, Pablo Casado, mientras estudiaba su pol√©mica carrera de Derecho en el Cardenal Cisneros. Precisamente Casado, que entonces ten√≠a 19 a√±os, public√≥ en el a√±o 2000 en una revista de este colegio mayor un texto titulado Lupus Ahujus (lobo Ahujo) en el que hac√≠a referencia a salir en manada a cazar lobas y zorras. Sobre esa especie, en referencia a los estudiantes que all√≠ se alojaban dec√≠a: ""Se trata de una especie bastante evolucionada, con una masa craneoencef√°lica muy superior a la de otras manadas colindantes‚Ä¶ es caracter√≠stico en √©l, por un lado, su anormal desarrollo hep√°tico, que constituye una peculiar inmunidad a la ingesti√≥n de sustancias alcoh√≥licas, y, por otro, la patente superioridad p√©lvica y genital con respecto a otras especies rivales"".""Es una de las especies m√°s promiscuas y lascivas de la pen√≠nsula ib√©rica, que puede representar un aut√©ntico peligro para la integridad de cualquier hembra del reino animal que se halle en periodo de madurez sexual"".En otro de los p√°rrafos, dec√≠a: ""Al entrar a formar parte de la manada, comienzan a aflorar en √©l instintos de voraz carn√≠voro para con toda clase de hembras en periodo f√©rtil. As√≠ se ha convertido en un feroz e infatigable cazador de carne fresca‚Ä¶ entre sus presas m√°s codiciadas se encuentran, como es obvio, las lobas. Aunque, si existe carest√≠a de estas, recurre de buen grado a otras especies animales como cerdas, zorras, gallinas o cualquier especie de ave que le ponga los huevos"".Comunicado del colegio mayorTras el revuelo generado por el comportamiento de los estudiantes, y antes de la confirmaci√≥n de la expulsi√≥n del autor de los gritos, el colegio mayor El√≠as Ah√∫ja difund√≠a un comunicado en el que calificaban de ""inaceptables"" las expresiones de los ""colegiales"", las condenaba y anunciaba que se aplicar√°n medidas que incluyen ""expulsiones"".""Ante la difusi√≥n de un v√≠deo en el que aparecen expresiones inaceptables por parte de un grupo de colegiales, la Direcci√≥n del Colegio Mayor El√≠as Ahuja quer√≠a comunicar lo siguiente:1. Condenamos rotundamente las manifestaciones vertidas por algunos colegiales. Las consideramos incomprensibles e inadmisibles, tanto en la forma como en el fondo. Adem√°s de ser totalmente contrarias al ideario y valores del centro. En consecuencia, como instituci√≥n educativa, hemos tomado las siguientes decisiones para la correcci√≥n inmediata de estas conductas:- La aplicaci√≥n de las medidas previstas en el Reglamento de R√©gimen Interno para los colegiales implicados, que en casos graves, como este, implica la expulsi√≥n.- Ofrecer disculpas p√∫blicas a la Direcci√≥n y colegialas del Colegio Mayor Santa M√≥nica.- La participaci√≥n obligatoria de los colegiales en ciclo de conferencias en relaci√≥n con la sensibilizaci√≥n.- La exigencia de colaboraci√≥n de los colegiales en actividades solidarias y de voluntariado. La Direcci√≥n reafirma el compromiso del Colegio Mayor con una educaci√≥n basada en valores como la amistad, el respeto, el sentido de comunidad, la solidaridad y la igualdad"".Ambos colegios mayores est√°n situados uno frente al otro en la zona de Juan XXIII de Madrid.  / GOOGLE STREET VIEWAmpliarLa reacci√≥n de Bola√±os, S√°nchez y AlmeidaEl ministro de Presidencia, F√©lix Bola√±os, se ha referido en la SER a este acoso machista: ""Me parece terrible, pone de manifiesto que hay que seguir apostando por pol√≠ticas de igualdad. Las mujeres siguen sufriendo actitudes inaceptables en el siglo XXI y lo m√°s preocupante es que est√° protagonizado por personas j√≥venes. Insultarlas de esa manera atenta contra los valores democr√°ticos"".üìπ F√©lix Bola√±os, ministro de @M_Presidencia ""Me parece terrible lo de este Colegio Mayor El√≠as Ahuja. Las mujeres siguen sufriendo actitudes inaceptables que siguen existiendo en la Espa√±a de hoy d√≠a‚Äù  https://t.co/e9oT3LUHLH pic.twitter.com/1W3l7tSeEq‚Äî Hoy por Hoy (@HoyPorHoy) October 6, 2022

Tambi√©n se ha referido a lo sucedido el presidente del Gobierno. Pedro S√°nchez ha asegurado en Twitter: ""No podemos tolerar estos comportamientos que generan odio y atentan contra las mujeres. Es especialmente doloroso ver que los protagonistas son personas j√≥venes. Ni un paso atr√°s. Las pol√≠ticas de igualdad son necesarias. ¬°Basta ya de machismo!"".No podemos tolerar estos comportamientos que generan odio y atentan contra las mujeres. Es especialmente doloroso ver que los protagonistas son personas j√≥venes.Ni un paso atr√°s. Las pol√≠ticas de igualdad son necesarias.¬°Basta ya de machismo! https://t.co/XHqHIGlq2A‚Äî Pedro S√°nchez (@sanchezcastejon) October 6, 2022

El alcalde de Madrid, Jos√© Luis Mart√≠nez-Almeida, ha condenado tambi√©n el comportamiento ""absolutamente lamentable y condenable"" de los j√≥venes: ""La juventud no les exime de ese tipo de comportamientos"". El alcalde ha pedido suspender la capea a la que hace referencia el comentario sexista y ha asegurado que lo que pas√≥ en el colegio mayor es un comportamiento ""machista y lamentable"" que no es lo que se espera de los j√≥venes en Madrid.",https://www.cadenaser.com/nacional/2022/10/06/putas-salid-de-vuestras-madrigueras-como-conejas-vergonzoso-acoso-machista-a-universitarias-de-los-estudiantes-de-un-colegio-mayor-de-madrid-cadena-ser/,0,2022-10-06
1,2022-10-06,Hoy por Hoy,Sociedad,"Sociedad, Colegios mayores, Universidad, Estudiantes, Madrid, Acoso sexual, Machismo","Sociedad, Colegios mayores, Universidad, Estudiantes, Madrid, Acoso sexual, Machismo",Madrid,"""Putas, salid de vuestras madrigueras como conejas"": vergonzoso acoso machista a universitarias de los estudiantes de un colegio mayor de Madrid","""Putas, salid de vuestras madrigueras como conejas"": vergonzoso acoso machista a universitarias de los estudiantes de un colegio mayor de Madrid","Deplorables frases que se escucha gritar desde una ventana del colegio universitario a uno de los estudiantes y que es aclamado por el resto de residentes. El autor de las expresiones iniciales ha sido expulsado, seg√∫n confirma el colegio mayor a la SER","MadridCondena y miedo son las reacciones m√°s le√≠das en las redes sociales ante un v√≠deo difundido en Internet en el que se escucha a universitarios del Colegio Mayor privado y religioso El√≠as Ahuja adscrito a la Universidad Complutense dirigirse a las estudiantes residentes del Colegio Mayor femenino Santa M√≥nica, y que se sit√∫a justo enfrente del primero. ""Putas, salid de vuestras madrigueras como conejas... sois unas putas ninf√≥manas, os prometo que vais a follar todas en la capea, ¬°vamos Ahuja!"": son las deplorables frases que se escucha gritar desde una ventaba del colegio universitario a uno de los estudiantes. Cuando acaba de berrear, el resto de las ventanas de la fachada se llenan de m√°s j√≥venes que gritan exacerbados y golpeando las persianas en un acto que parece organizado previamente.M√°s informaci√≥nLa Fiscal√≠a General del Estado ordena abrir una investigaci√≥n sobre los gritos machistasExpulsado un universitarioEl suceso tuvo lugar el domingo por la noche y por ahora solo ha sido expulsado el autor de los gritos iniciales, seg√∫n ha confirmado en Hoy por hoy el director del colegio. ""Condenamos radicalmente esas expresiones, son inaceptables e inexplicables"", ha asegurado Manuel Garc√≠a Artiga en una entrevista con √Ängels Barcel√≥. El director del colegio mayor ha confirmado que los alumnos se disculpar√°n mediante ""una carta p√∫blica"" con las estudiantes del Santa M√≥nica y el colegio organizar√° un ""ciclo de conferencias"" en las que profesionales expliquen a los residentes ""c√≥mo debe ser su forma de actuar en una sociedad democr√°tica occidental"". ""Todos los implicados van a hacer un voluntariado para ayudar a colectivos que est√©n sufriendo en Madrid"", ha explicado Garc√≠a Artiga.Play/PauseManuel Garc√≠a Artiga, director Colegio Mayor El√≠as Ahuja: ""Es una forma que tienen de expresarse""05:58Mostrar OpcionesCerrarDescargarCompartirCerrarCompartirFacebookTwitterLinkedinWhatsappEmbeberEl c√≥digo iframe se ha copiado en el portapapeles<iframe src=""https://cadenaser.com/embed/audio/460/1665046313857/"" width=""100%"" height=""360"" frameborder=""0"" allowfullscreen></iframe>La Universidad Complutense de Madrid ha movido ficha y ya ha anunciado que abrir√° un expediente informativo a los alumnos del colegio mayor por lo sucedido. La Complutense, a la que est√° adscrito este colegio mayor, planea aplicar sanciones tanto al alumno que profiere esos insultos como al casi centenar de compa√±eros que lo jalean. La Complutense pretende ""analizar lo ocurrido y depurar responsabilidades"".üî¥üìª Hablamos en directo con el director del Colegio Mayor masculino El√≠as Ahuja‚ÄúCondenamos las expresiones. El vigilante de noche y yo mismo intentamos pararlo, pero no nos dio tiempo llegar. Vamos a aplicar con contundencia el r√©gimen disciplinario‚Äù https://t.co/eNQHeWoDgr pic.twitter.com/aYaO9h6BqB‚Äî Hoy por Hoy (@HoyPorHoy) October 6, 2022

El comportamiento machista ha sido censurado en las redes sociales: ""Aterrorizada y con ganas de vomitar"", asegura una tuitera que opina que no es ""nada gracioso el borreguismo de los estudiantes"" del El√≠as Ah√∫ja. Otro pide ""medidas contra la direcci√≥n del colegio"" si no expulsa a todos los participantes en el acoso"". Para otros se trata de ""ni√±atos"", pero muchos les califican de ""depredadores"" que dan ""p√°nico"". ""Jaur√≠a"".Acoso machista repetidoNo es la primera vez que se produce en el colegio mayor este reprochable comportamiento. De hecho, hay v√≠deos en la red social Tik Tok con gritos y coreograf√≠a similar del 18 de octubre de 2021.La periodista √Ångela Ruiz cuenta en Twitter que ella tambi√©n residi√≥ en el colegio mayor de en frente hace 10 a√±os y ya entonces se viv√≠an este tipo de situaciones: ""Yo fui una de esas ""M√≥nicas, putas"" y o√≠ este tipo de gritos CADA D√çA durante los 2 cursos que pas√© en el colegio mayo"", recuerda.Yo fui una de esas ""M√≥nicas, putas"" y o√≠ este tipo de gritos CADA D√çA durante los 2 cursos que pas√© en el colegio mayor. Han pasado 10 a√±os de esto... https://t.co/z1UXzuzwUJ‚Äî √Ångela Ruiz (@ahelaruiz) October 6, 2022

Los dos √∫ltimos tuits publicados por el Colegio Mayor privado El√≠as Ah√∫ja son sendos retuits a Roc√≠o Monasterio (Vox). En ese colegio residi√≥ adem√°s el expresidente del PP, Pablo Casado, mientras estudiaba su pol√©mica carrera de Derecho en el Cardenal Cisneros. Precisamente Casado, que entonces ten√≠a 19 a√±os, public√≥ en el a√±o 2000 en una revista de este colegio mayor un texto titulado Lupus Ahujus (lobo Ahujo) en el que hac√≠a referencia a salir en manada a cazar lobas y zorras. Sobre esa especie, en referencia a los estudiantes que all√≠ se alojaban dec√≠a: ""Se trata de una especie bastante evolucionada, con una masa craneoencef√°lica muy superior a la de otras manadas colindantes‚Ä¶ es caracter√≠stico en √©l, por un lado, su anormal desarrollo hep√°tico, que constituye una peculiar inmunidad a la ingesti√≥n de sustancias alcoh√≥licas, y, por otro, la patente superioridad p√©lvica y genital con respecto a otras especies rivales"".""Es una de las especies m√°s promiscuas y lascivas de la pen√≠nsula ib√©rica, que puede representar un aut√©ntico peligro para la integridad de cualquier hembra del reino animal que se halle en periodo de madurez sexual"".En otro de los p√°rrafos, dec√≠a: ""Al entrar a formar parte de la manada, comienzan a aflorar en √©l instintos de voraz carn√≠voro para con toda clase de hembras en periodo f√©rtil. As√≠ se ha convertido en un feroz e infatigable cazador de carne fresca‚Ä¶ entre sus presas m√°s codiciadas se encuentran, como es obvio, las lobas. Aunque, si existe carest√≠a de estas, recurre de buen grado a otras especies animales como cerdas, zorras, gallinas o cualquier especie de ave que le ponga los huevos"".Comunicado del colegio mayorTras el revuelo generado por el comportamiento de los estudiantes, y antes de la confirmaci√≥n de la expulsi√≥n del autor de los gritos, el colegio mayor El√≠as Ah√∫ja difund√≠a un comunicado en el que calificaban de ""inaceptables"" las expresiones de los ""colegiales"", las condenaba y anunciaba que se aplicar√°n medidas que incluyen ""expulsiones"".""Ante la difusi√≥n de un v√≠deo en el que aparecen expresiones inaceptables por parte de un grupo de colegiales, la Direcci√≥n del Colegio Mayor El√≠as Ahuja quer√≠a comunicar lo siguiente:1. Condenamos rotundamente las manifestaciones vertidas por algunos colegiales. Las consideramos incomprensibles e inadmisibles, tanto en la forma como en el fondo. Adem√°s de ser totalmente contrarias al ideario y valores del centro. En consecuencia, como instituci√≥n educativa, hemos tomado las siguientes decisiones para la correcci√≥n inmediata de estas conductas:- La aplicaci√≥n de las medidas previstas en el Reglamento de R√©gimen Interno para los colegiales implicados, que en casos graves, como este, implica la expulsi√≥n.- Ofrecer disculpas p√∫blicas a la Direcci√≥n y colegialas del Colegio Mayor Santa M√≥nica.- La participaci√≥n obligatoria de los colegiales en ciclo de conferencias en relaci√≥n con la sensibilizaci√≥n.- La exigencia de colaboraci√≥n de los colegiales en actividades solidarias y de voluntariado. La Direcci√≥n reafirma el compromiso del Colegio Mayor con una educaci√≥n basada en valores como la amistad, el respeto, el sentido de comunidad, la solidaridad y la igualdad"".Ambos colegios mayores est√°n situados uno frente al otro en la zona de Juan XXIII de Madrid.  / GOOGLE STREET VIEWAmpliarLa reacci√≥n de Bola√±os, S√°nchez y AlmeidaEl ministro de Presidencia, F√©lix Bola√±os, se ha referido en la SER a este acoso machista: ""Me parece terrible, pone de manifiesto que hay que seguir apostando por pol√≠ticas de igualdad. Las mujeres siguen sufriendo actitudes inaceptables en el siglo XXI y lo m√°s preocupante es que est√° protagonizado por personas j√≥venes. Insultarlas de esa manera atenta contra los valores democr√°ticos"".üìπ F√©lix Bola√±os, ministro de @M_Presidencia ""Me parece terrible lo de este Colegio Mayor El√≠as Ahuja. Las mujeres siguen sufriendo actitudes inaceptables que siguen existiendo en la Espa√±a de hoy d√≠a‚Äù  https://t.co/e9oT3LUHLH pic.twitter.com/1W3l7tSeEq‚Äî Hoy por Hoy (@HoyPorHoy) October 6, 2022

Tambi√©n se ha referido a lo sucedido el presidente del Gobierno. Pedro S√°nchez ha asegurado en Twitter: ""No podemos tolerar estos comportamientos que generan odio y atentan contra las mujeres. Es especialmente doloroso ver que los protagonistas son personas j√≥venes. Ni un paso atr√°s. Las pol√≠ticas de igualdad son necesarias. ¬°Basta ya de machismo!"".No podemos tolerar estos comportamientos que generan odio y atentan contra las mujeres. Es especialmente doloroso ver que los protagonistas son personas j√≥venes.Ni un paso atr√°s. Las pol√≠ticas de igualdad son necesarias.¬°Basta ya de machismo! https://t.co/XHqHIGlq2A‚Äî Pedro S√°nchez (@sanchezcastejon) October 6, 2022

El alcalde de Madrid, Jos√© Luis Mart√≠nez-Almeida, ha condenado tambi√©n el comportamiento ""absolutamente lamentable y condenable"" de los j√≥venes: ""La juventud no les exime de ese tipo de comportamientos"". El alcalde ha pedido suspender la capea a la que hace referencia el comentario sexista y ha asegurado que lo que pas√≥ en el colegio mayor es un comportamiento ""machista y lamentable"" que no es lo que se espera de los j√≥venes en Madrid.",https://www.cadenaser.com/nacional/2022/10/06/putas-salid-de-vuestras-madrigueras-como-conejas-vergonzoso-acoso-machista-a-universitarias-de-los-estudiantes-de-un-colegio-mayor-de-madrid-cadena-ser/,1,2022-10-06
2,2022-10-06,Hora 14,Sociedad,"Sociedad, Colegios mayores, Machismo, Sexismo","Sociedad, Colegios mayores, Machismo, Sexismo",Madrid,"""El 'M√≥nicas, putas' lo escuchaba cada d√≠a"": la 'tradici√≥n' machista que lleva a√±os instaurada en el El√≠as Ahuja","""El 'M√≥nicas, putas' lo escuchaba cada d√≠a"": la 'tradici√≥n' machista que lleva a√±os instaurada en el El√≠as Ahuja","Una antigua residente del colegio femenino que est√° en frente relata lo ""normalizado"" que estaba esa situaci√≥n, tras la difusi√≥n de un v√≠deo en el que  universitarios escenifican una coreograf√≠a bajo los gritos de: ""Putas, salid de vuestras madrigueras como conejas... sois unas putas ninf√≥manas, os prometo que vais a follar todas en la capea, ¬°vamos Ahuja!""","MadridLa imagen de los estudiantes del Colegio Mayor El√≠as Ahuja de Madrid gritando soflamas machistas a las chicas de residen en el centro de en frente ha sacudido Espa√±a este jueves. El director de la residencia masculina ha confirmado en Hoy por Hoy que el autor de las expresiones al comienzo ha sido expulsado y condenaba los hemos como ""inaceptables"" pero lo cierto es que no era la primera vez que ocurr√≠a. En redes se han mostrado im√°genes similares de a√±os anteriores y la periodista √Ångela Ruiz, que fue residente hace 10 a√±os, recordaba en Hora 14 que ya entonces viv√≠a situaciones parecidas: ""El 'M√≥nicas, putas' lo he escuchado cada d√≠a. Era una cosa que ten√≠amos normalizada, que no deber√≠a ser as√≠, pero no √©ramos conscientes de todo lo que  somos hoy"", lamenta y reconoce que nunca hablaron con ning√∫n responsable sobre esos hechos.Yo fui una de esas ""M√≥nicas, putas"" y o√≠ este tipo de gritos CADA D√çA durante los 2 cursos que pas√© en el colegio mayor. Han pasado 10 a√±os de esto... https://t.co/z1UXzuzwUJ‚Äî √Ångela Ruiz (@ahelaruiz) October 6, 2022

La Universidad Complutense ha anunciado que abrir√° un expediente informativo a los alumnos de ese colegio. La vicerrectora de alumnos, Mar√≠a de la Fuente, se√±ala en la SER que se investigar√° lo ocurrido para dirimir responsabilidades: ""En funci√≥n de la tipificaci√≥n del hecho, se aplicar√° la sanci√≥n, que puede ser la expulsi√≥n"". Hace tan solo unas semanas present√≥ un plan antinovatadas y lamenta profundamente ""la falta de conciencia de que son actitudes antidemocr√°ticas"": ""Nos asusta mucho"". Se refiere a este caso como el de una ""puesta en escena muy violenta que parece una manada"".M√°s informaci√≥nLa Fiscal√≠a General del Estado ordena abrir una investigaci√≥n sobre los gritos machistasLa SER ha recogido testimonios de estudiantes a las puertas de ambas residencias y tanto ellos como ellas restan importancia a lo ocurrido. Hablan de ""broma"" y ""tradici√≥n"" y destacan las buenas relaciones entre ambos centros.Play/PauseMostrar OpcionesManuel Garc√≠a Artiga, director Colegio Mayor El√≠as Ahuja: ""Es una forma que tienen de expresarse""05:58CerrarDescargarCompartirCerrarCompartirFacebookTwitterLinkedinWhatsappEmbeberEl c√≥digo iframe se ha copiado en el portapapeles<iframe src=""https://cadenaser.com/embed/audio/460/1665046313857/"" width=""100%"" height=""360"" frameborder=""0"" allowfullscreen></iframe>",https://www.cadenaser.com/nacional/2022/10/06/el-monicas-putas-lo-escuchaba-cada-dia-la-tradicion-machista-que-lleva-anos-instaurada-en-el-elias-ahuja-cadena-ser/,2,2022-10-06
3,2022-10-06,Sociedad,Sociedad,"Sociedad, Incendios, Explosiones, Emergencias","Sociedad, Incendios, Explosiones, Emergencias",Madrid,Muere un ni√±o de cinco a√±os tras una explosi√≥n en el local comercial de un edificio de Alcorc√≥n (Madrid),Muere un ni√±o de cinco a√±os tras una explosi√≥n en el local comercial de un edificio de Alcorc√≥n (Madrid),"La madre del fallecido y otro hijo peque√±o, de nueve meses, se encuentran heridos graves e ingresados en el hospital","MadridUn ni√±o de cinco a√±os ha muerto este jueves por la tarde en Alcorc√≥n (Madrid) tras la fuerte explosi√≥n registrada en unos locales comerciales de la calle Oslo, 45. La v√≠ctima ha entrado en parada cardiorrespiratoria tras sufrir una intoxicaci√≥n por inhalaci√≥n de humo. Los servicios de emergencias han intentado reanimarle durante 35 minutos, sin √©xito. La madre del fallecido y otro hijo peque√±o se encuentran heridos graves. Todos estaban en el mismo domicilio.El beb√©, de 9 meses y hermano del fallecido, ha sido trasladado al Hospital de La Paz por el SUMMA 112. Su pron√≥stico es grave. Estaba en parada a la llegada de los sanitarios, pero han podido revertirla y estabilizarle. La madre, de 30 a√±os de edad, ha sido trasladada muy grave al Hospital de Getafe. Ambos presentan intoxicaci√≥n por inhalaci√≥n de humo.Explosi√≥n con posterior incendio en la calle Oslo en #Alcorcon. Ya no hay fuego en el edificio. #BomberosCM y @alcorconbombero est√°n trabajando para asegurar que no haya humo en las escaleras del edificio. #SUMMA112 atiende a tres miembros de una familia, dos menores, graves. pic.twitter.com/9pQCIsa7BB‚Äî 112 Comunidad de Madrid (@112cmadrid) October 6, 2022

El humo del incendio se ha extendido hacia el bloque superior, en total son seis pisos con varias viviendas. El SUMMA112 tambi√©n ha atendido a ocho vecinos con pron√≥stico moderado y a varios m√°s de car√°cter leve. Todos por intoxicaci√≥n por inhalaci√≥n de humo. Algunos de ellos han tenido que ser trasladados al hospital. Otros afectados han sido atendidos y dados de alta en el momento. Los vecinos de cuatro portales, un total de 28 familias, van a ser alojadas en  hoteles esta noche.En espera de los resultados de la investigaci√≥n, una rotura en la tuber√≠a de gas cuando estaban trabajando los operarios ha podido ser la causa de la explosi√≥n y el posterior incendio. Las llamas han quemado las balas de lana de roca que iban a utilizarse para la insonorizaci√≥n del local y esto ha provocado la expansi√≥n de un denso humo por el edificio de viviendas. En la extinci√≥n, han trabajado varias dotaciones de Bomberos de Alcorc√≥n y de la Comunidad de Madrid. La presidenta de la Comunidad de Madrid, Isabel D√≠az Ayuso, ha mandado el p√©same a la familia del menor fallecido y le desea una pronta recuperaci√≥n al resto de heridos.Nuestro m√°s sentido p√©same a la familia del menor fallecido en la explosi√≥n de Alcorc√≥n y nuestros deseos de una pronta recuperaci√≥n de los heridos. Los afectados tendr√°n todo el apoyo que necesiten de la Comunidad de Madrid.‚Äî Isabel D√≠az Ayuso (@IdiazAyuso) October 6, 2022

",https://www.cadenaser.com/nacional/2022/10/06/una-explosion-en-un-edificio-de-alcorcon-deja-tres-heridos-graves-dos-de-ellos-menores-cadena-ser/,4,2022-10-06
4,2022-10-05,Hora 25,Enrique Ossorio Crespo,"Enrique Ossorio Crespo, Madrid, Coronavirus","Enrique Ossorio Crespo, Madrid, Coronavirus",Madrid,"""¬øHa hablado √©l con las familias?"": los dos minutos de Aimar Bretos sobre las palabras del vicepresidente de Madrid y las residencias","""¬øHa hablado √©l con las familias?"": los dos minutos de Aimar Bretos sobre las palabras del vicepresidente de Madrid y las residencias",Hoy el vicepresidente de la Comunidad de Madrid y portavoz del gobierno regional ha justificado que no se debata en la Asamblea sobre el fallecimiento de miles de ancianos de las residencias de Madrid durante lo peor de la pandemia,"MadridEnrique Ossorio ha rechazado hoy que se debata en la Asamblea de Madrid sobre el fallecimiento de miles de ancianos en las residencias de la comunidad durante la primera ola de COVID-19. ""Esta comisi√≥n solo tiene inter√©s electoral y va a causar un da√±o a los familiares que podr√°n pensar '¬øSe podr√≠a haber evitado?' Creo que eso las familias ya lo han superado y volver a esto, por inter√©s electoral, no es procedente"", ha dicho Ossorio.Recordemos que tanto PP como Vox evitaron en un primer momento abrir una comisi√≥n de investigaci√≥n parlamentaria sobre lo que sucedi√≥ en 2020. Ahora, gracias a una proposici√≥n de M√°s Madrid se podr√° llevar a cabo una comisi√≥n de estudio en la asamblea para comprobar el estado de las residencias de mayores.Aimar Bretos ha querido valorar las palabras del vicepresidente de la comunidad al inicio de Hora 25. ""El Gobierno de la Comunidad de Madrid quiere impedir que se cree una comisi√≥n de estudio sobre el estado de las residencias de mayores. Una comisi√≥n, en la que, obviamente, se tendr√≠a que analizar qu√© pas√≥ all√≠ para que miles de personas murieran durante lo peor de la pandemia"", ha explicado el periodista. Hace una semana estuvo en este mismo programa Alberto Reyero, exconsejero de Pol√≠ticas Sociales de la Comunidad de Madrid y Bretos ha querido recordar sus palabras: ""Nos cont√≥ que exist√≠a un protocolo que impidi√≥ derivar a los hospitales a personas que estaban en las residencias y que no recibieron la atenci√≥n sanitaria que necesitaban. √âl, Alberto Reyero, lleg√≥ a mandar un mail advirtiendo de que estas personas iban a morir de forma indigna, pero no surti√≥ ning√∫n efecto"".Y termina con varias preguntas: ""¬øQu√© familias han superado la muerte de un familiar al que no se deriv√≥ a un hospital? ¬øHa hablado √©l con esas familias para saber si prefieren el silencio para lo que √©l llama olvidar o superar o si prefieren la verdad para que algo as√≠ no pueda volver a pasar?""Play/Pause""¬øHa hablado √©l con las familias?"": los dos minutos de Aimar Bretos sobre las palabras del vicepresidente de Madrid y las residencias01:43Mostrar OpcionesCerrarDescargarCompartirCerrarCompartirFacebookTwitterLinkedinWhatsappEmbeberEl c√≥digo iframe se ha copiado en el portapapeles<iframe src=""https://cadenaser.com/embed/audio/460/1664992609625/"" width=""100%"" height=""360"" frameborder=""0"" allowfullscreen></iframe>",https://www.cadenaser.com/nacional/2022/10/05/ha-hablado-el-con-las-familias-los-dos-minutos-de-aimar-bretos-sobre-las-palabras-del-vicepresidente-de-madrid-y-las-residencias-cadena-ser/,5,2022-10-06
5,2022-10-05,Hora 25,Enrique Ossorio Crespo,"Enrique Ossorio Crespo, Madrid, Coronavirus","Enrique Ossorio Crespo, Madrid, Coronavirus",Madrid,"""¬øHa hablado √©l con las familias?"": los dos minutos de Aimar Bretos sobre las palabras del vicepresidente de Madrid y las residencias","""¬øHa hablado √©l con las familias?"": los dos minutos de Aimar Bretos sobre las palabras del vicepresidente de Madrid y las residencias",Hoy el vicepresidente de la Comunidad de Madrid y portavoz del gobierno regional ha justificado que no se debata en la Asamblea sobre el fallecimiento de miles de ancianos de las residencias de Madrid durante lo peor de la pandemia,"MadridEnrique Ossorio ha rechazado hoy que se debata en la Asamblea de Madrid sobre el fallecimiento de miles de ancianos en las residencias de la comunidad durante la primera ola de COVID-19. ""Esta comisi√≥n solo tiene inter√©s electoral y va a causar un da√±o a los familiares que podr√°n pensar '¬øSe podr√≠a haber evitado?' Creo que eso las familias ya lo han superado y volver a esto, por inter√©s electoral, no es procedente"", ha dicho Ossorio.Recordemos que tanto PP como Vox evitaron en un primer momento abrir una comisi√≥n de investigaci√≥n parlamentaria sobre lo que sucedi√≥ en 2020. Ahora, gracias a una proposici√≥n de M√°s Madrid se podr√° llevar a cabo una comisi√≥n de estudio en la asamblea para comprobar el estado de las residencias de mayores.Aimar Bretos ha querido valorar las palabras del vicepresidente de la comunidad al inicio de Hora 25. ""El Gobierno de la Comunidad de Madrid quiere impedir que se cree una comisi√≥n de estudio sobre el estado de las residencias de mayores. Una comisi√≥n, en la que, obviamente, se tendr√≠a que analizar qu√© pas√≥ all√≠ para que miles de personas murieran durante lo peor de la pandemia"", ha explicado el periodista. Hace una semana estuvo en este mismo programa Alberto Reyero, exconsejero de Pol√≠ticas Sociales de la Comunidad de Madrid y Bretos ha querido recordar sus palabras: ""Nos cont√≥ que exist√≠a un protocolo que impidi√≥ derivar a los hospitales a personas que estaban en las residencias y que no recibieron la atenci√≥n sanitaria que necesitaban. √âl, Alberto Reyero, lleg√≥ a mandar un mail advirtiendo de que estas personas iban a morir de forma indigna, pero no surti√≥ ning√∫n efecto"".Y termina con varias preguntas: ""¬øQu√© familias han superado la muerte de un familiar al que no se deriv√≥ a un hospital? ¬øHa hablado √©l con esas familias para saber si prefieren el silencio para lo que √©l llama olvidar o superar o si prefieren la verdad para que algo as√≠ no pueda volver a pasar?""Play/Pause""¬øHa hablado √©l con las familias?"": los dos minutos de Aimar Bretos sobre las palabras del vicepresidente de Madrid y las residencias01:43Mostrar OpcionesCerrarDescargarCompartirCerrarCompartirFacebookTwitterLinkedinWhatsappEmbeberEl c√≥digo iframe se ha copiado en el portapapeles<iframe src=""https://cadenaser.com/embed/audio/460/1664992609625/"" width=""100%"" height=""360"" frameborder=""0"" allowfullscreen></iframe>",https://www.cadenaser.com/nacional/2022/10/05/ha-hablado-el-con-las-familias-los-dos-minutos-de-aimar-bretos-sobre-las-palabras-del-vicepresidente-de-madrid-y-las-residencias-cadena-ser/,6,2022-10-06
6,2022-10-06,Hoy por Hoy,Pol√≠tica,"Pol√≠tica, F√©lix Bola√±os Garc√≠a, Ministerio de la Presidencia, CGPJ, Ley Memoria Democr√°tica","Pol√≠tica, F√©lix Bola√±os Garc√≠a, Ministerio de la Presidencia, CGPJ, Ley Memoria Democr√°tica",Madrid,"F√©lix Bola√±os: ""No puedo pensar en un escenario donde el m√°ximo organismo de los jueces incumpla la ley""","F√©lix Bola√±os: ""No puedo pensar en un escenario donde el m√°ximo organismo de los jueces incumpla la ley""",√Ängels Barcel√≥ entrevista al ministro de la Presidencia en 'Hoy por Hoy',"MadridEl ministro de la Presidencia, Relaciones con las Cortes y Memoria Democr√°tica, F√©lix Bola√±os, ha pasado este jueves por los micr√≥fonos de Hoy por Hoy, con √Ängels Barcel√≥, despu√©s de que este mi√©rcoles se aprobara de forma definitiva la ley de Memoria Democr√°tica que declara ilegal la dictadura franquista con el voto en contra del PP, Vox y Ciudadanos. Bola√±os lamenta en el programa que esa ley no haya tenido ""un consenso muy superior"" porque considera que hace que ""nuestra democracia sea m√°s digna y, aunque haya llegado con d√©cadas de retraso, logra que por fin se pase p√°gina a una de los cap√≠tulos m√°s oscuros de la historia de nuestro pa√≠s"". El ministro recuerda adem√°s que esa ley es homologable a otras que tienen pa√≠ses que tambi√©n han sufrido dictaduras.M√°s informaci√≥nLas ""v√≠as alternativas"" del sector progresista para renovar el Constitucional tambi√©n fracasanEl ministro ha adelantado que, en cumplimiento de esa nueva ley, se iniciar√° el proceso para sacar a Queipo de Llano de la Macarena y lo mismo con el f√©retro de Jos√© Antonio Primo de Rivera del Valle de Cuelgamuros (que, a partir de ahora se llamar√° as√≠ y no Valle de los Ca√≠dos): ""Se les dar√° una sepultura digna donde los familiares decidan pero no en un lugar preminente"", ha explicado.Bola√±os cree que la derecha carece de ""falta de sensibilidad con las v√≠ctimas en general"" que no solo se est√° demostrando con el voto en contra a la ley de memoria democr√°tica sino tambi√©n con las palabras del vicepresidente de la Comunidad de Madrid sobre los familiares de los fallecidos por COVID en residencias y su negativa a abrir una comisi√≥n de investigaci√≥n sobre lo ocurrido: ""¬øPor qu√© no investigar? Vamos a tratar de explicar a las personas que perdieron a seres queridos qu√© pas√≥"", pide el ministro.Una situaci√≥n ""insostenible"" en el CGPJLos ocho vocales elegidos a propuesta del PP siguen bloqueando la renovaci√≥n del Tribunal Constitucional. Una situaci√≥n que Bola√±os califica de ""insostenible"" y pide a Feij√≥o que cambie un poco la l√≠nea de su partido ""porque tiene la misma que la del se√±or Casado"" y que empiece a hablar de la renovaci√≥n del CGPJ porque ""est√° causando da√±o a la imagen de Espa√±a"".El presidente del Poder Judicial, Carlos Lesmes, transmiti√≥ la semana pasada a sus colaboradores su voluntad de abandonar el cargo el 6 de octubre si no hab√≠a un horizonte claro de renovar al √≥rgano de gobierno de los jueces. El ministro hace un llamamiento a los vocales ""a que trabajen y cumplan la ley cuanto antes"" y asegura que no puede pensar en un escenario ""donde el m√°ximo organismo de los jueces incumpla la ley"".""Las mujeres siguen sufriendo una serie de actitudes inaceptables""La Cadena SER publica este jueves un v√≠deo de difundido en Internet en el que se escucha a universitarios del Colegio Mayor privado El√≠as Ah√∫ja de Madrid dirigirse a las estudiantes residentes del Colegio Mayor femenino Santa M√≥nica, justo enfrente del primero, en estos t√©rminos: ""Putas, salid de vuestras madrigueras como conejas... sois unas putas ninf√≥manas, os prometo que vais a follar todas en la capea, ¬°vamos Ahuja!"":Bola√±os se ha referido a esas im√°genes: ""Me parece terrible, pone de manifiesto que hay que seguir apostando por pol√≠ticas de igualdad. Las mujeres siguen sufriendo una serie de actitudes inaceptables en el siglo XXI y lo m√°s preocupante es que est√° protagonizado por personas j√≥venes. Insultarlas de esa manera atenta contra los valores democr√°ticos"".",https://www.cadenaser.com/nacional/2022/10/06/el-ministro-de-la-presidencia-felix-bolanos-en-hoy-por-hoy-cadena-ser/,8,2022-10-06
7,2022-10-06,Hoy por Hoy,Pol√≠tica,"Pol√≠tica, F√©lix Bola√±os Garc√≠a, Ministerio de la Presidencia, CGPJ, Ley Memoria Democr√°tica","Pol√≠tica, F√©lix Bola√±os Garc√≠a, Ministerio de la Presidencia, CGPJ, Ley Memoria Democr√°tica",Madrid,"F√©lix Bola√±os: ""No puedo pensar en un escenario donde el m√°ximo organismo de los jueces incumpla la ley""","F√©lix Bola√±os: ""No puedo pensar en un escenario donde el m√°ximo organismo de los jueces incumpla la ley""",√Ängels Barcel√≥ entrevista al ministro de la Presidencia en 'Hoy por Hoy',"MadridEl ministro de la Presidencia, Relaciones con las Cortes y Memoria Democr√°tica, F√©lix Bola√±os, ha pasado este jueves por los micr√≥fonos de Hoy por Hoy, con √Ängels Barcel√≥, despu√©s de que este mi√©rcoles se aprobara de forma definitiva la ley de Memoria Democr√°tica que declara ilegal la dictadura franquista con el voto en contra del PP, Vox y Ciudadanos. Bola√±os lamenta en el programa que esa ley no haya tenido ""un consenso muy superior"" porque considera que hace que ""nuestra democracia sea m√°s digna y, aunque haya llegado con d√©cadas de retraso, logra que por fin se pase p√°gina a una de los cap√≠tulos m√°s oscuros de la historia de nuestro pa√≠s"". El ministro recuerda adem√°s que esa ley es homologable a otras que tienen pa√≠ses que tambi√©n han sufrido dictaduras.M√°s informaci√≥nLas ""v√≠as alternativas"" del sector progresista para renovar el Constitucional tambi√©n fracasanEl ministro ha adelantado que, en cumplimiento de esa nueva ley, se iniciar√° el proceso para sacar a Queipo de Llano de la Macarena y lo mismo con el f√©retro de Jos√© Antonio Primo de Rivera del Valle de Cuelgamuros (que, a partir de ahora se llamar√° as√≠ y no Valle de los Ca√≠dos): ""Se les dar√° una sepultura digna donde los familiares decidan pero no en un lugar preminente"", ha explicado.Bola√±os cree que la derecha carece de ""falta de sensibilidad con las v√≠ctimas en general"" que no solo se est√° demostrando con el voto en contra a la ley de memoria democr√°tica sino tambi√©n con las palabras del vicepresidente de la Comunidad de Madrid sobre los familiares de los fallecidos por COVID en residencias y su negativa a abrir una comisi√≥n de investigaci√≥n sobre lo ocurrido: ""¬øPor qu√© no investigar? Vamos a tratar de explicar a las personas que perdieron a seres queridos qu√© pas√≥"", pide el ministro.Una situaci√≥n ""insostenible"" en el CGPJLos ocho vocales elegidos a propuesta del PP siguen bloqueando la renovaci√≥n del Tribunal Constitucional. Una situaci√≥n que Bola√±os califica de ""insostenible"" y pide a Feij√≥o que cambie un poco la l√≠nea de su partido ""porque tiene la misma que la del se√±or Casado"" y que empiece a hablar de la renovaci√≥n del CGPJ porque ""est√° causando da√±o a la imagen de Espa√±a"".El presidente del Poder Judicial, Carlos Lesmes, transmiti√≥ la semana pasada a sus colaboradores su voluntad de abandonar el cargo el 6 de octubre si no hab√≠a un horizonte claro de renovar al √≥rgano de gobierno de los jueces. El ministro hace un llamamiento a los vocales ""a que trabajen y cumplan la ley cuanto antes"" y asegura que no puede pensar en un escenario ""donde el m√°ximo organismo de los jueces incumpla la ley"".""Las mujeres siguen sufriendo una serie de actitudes inaceptables""La Cadena SER publica este jueves un v√≠deo de difundido en Internet en el que se escucha a universitarios del Colegio Mayor privado El√≠as Ah√∫ja de Madrid dirigirse a las estudiantes residentes del Colegio Mayor femenino Santa M√≥nica, justo enfrente del primero, en estos t√©rminos: ""Putas, salid de vuestras madrigueras como conejas... sois unas putas ninf√≥manas, os prometo que vais a follar todas en la capea, ¬°vamos Ahuja!"":Bola√±os se ha referido a esas im√°genes: ""Me parece terrible, pone de manifiesto que hay que seguir apostando por pol√≠ticas de igualdad. Las mujeres siguen sufriendo una serie de actitudes inaceptables en el siglo XXI y lo m√°s preocupante es que est√° protagonizado por personas j√≥venes. Insultarlas de esa manera atenta contra los valores democr√°ticos"".",https://www.cadenaser.com/nacional/2022/10/06/el-ministro-de-la-presidencia-felix-bolanos-en-hoy-por-hoy-cadena-ser/,9,2022-10-06
8,2022-10-06,Econom√≠a y negocios,Econom√≠a,"Econom√≠a, FMI","Econom√≠a, FMI",Madrid,El FMI vuelve a rebajar sus previsiones y augura que un tercio de los pa√≠ses de todo el mundo entrar√° en recesi√≥n,El FMI vuelve a rebajar sus previsiones y augura que un tercio de los pa√≠ses de todo el mundo entrar√° en recesi√≥n,"La directora de la organizaci√≥n financiera asegura que la situaci√≥n ""no es f√°cil y no evitar√° dolor a corto plazo""","MadridEl Fondo Monetario Internacional (FMI) revisar√° a la baja sus previsiones de crecimiento para la econom√≠a mundial, que ser√°n publicadas la pr√≥xima semana, como consecuencia de las m√∫ltiples sacudidas que afectan a la actividad, seg√∫n ha adelantado la directora gerente de la instituci√≥n, Kristalina Georgieva.M√°s informaci√≥nAs√≠ quedar√°n las pensiones en 2023 tras la subida aprobada en los PresupuestosAs√≠ es el nuevo permiso de paternidad acordado en los Presupuestos: ¬øcu√°nto durar√° y qui√©n podr√° solicitarlo?La economista b√∫lgara ha se√±alado que, a pesar de que el FMI ya ha rebajado hasta en tres ocasiones sus proyecciones de crecimiento, a solo el 3,2% para 2022 y el 2,9% para 2023, la semana que viene tiene previsto volver a recortar el crecimiento para el pr√≥ximo a√±o.Asimismo, las nuevas proyecciones del Fondo se√±alar√°n el aumento de los riesgos de recesi√≥n. ""Estimamos que los pa√≠ses que representan alrededor de un tercio de la econom√≠a mundial experimentar√°n al menos dos trimestres consecutivos de contracci√≥n este o el pr√≥ximo a√±o"", ha apuntado, a√±adiendo que, incluso cuando el crecimiento sea positivo, la ca√≠da de ingresos reales y al aumento de los precios provocar√° la sensaci√≥n de estar en recesi√≥n.4 billones de d√≥lares de p√©rdida de producci√≥n global hasta 2026De esta manera, las estimaciones del FMI elevan a unos 4 billones de d√≥lares (4 billones de euros) la p√©rdida de producci√≥n global hasta 2026, una cifra equivalente al tama√±o de la econom√≠a alemana, lo que supone ""un rev√©s masivo para la econom√≠a mundial"".""Y es m√°s probable que empeore a que mejore"", ha advertido Georgieva, para quien la incertidumbre sigue siendo extremadamente alta en el contexto de la guerra y la pandemia sin descartar que pueda haber a√∫n m√°s sacudidas econ√≥micas, mientras aumentan los riesgos para la estabilidad financiera.En este sentido, ha se√±alado que una correcci√≥n r√°pida y desordenada del valor de los activos podr√≠a verse amplificada por vulnerabilidades preexistentes, incluida la elevada deuda soberana y la preocupaci√≥n por la liquidez en segmentos clave del mercado financiero.""Estamos experimentando un cambio fundamental en la econom√≠a global: de un mundo de relativa previsibilidad, con cooperaci√≥n econ√≥mica internacional, bajas tasas de inter√©s y baja inflaci√≥n, a un mundo m√°s fr√°gil con mayor incertidumbre, mayor volatilidad econ√≥mica, confrontaciones geopol√≠ticas y desastres clim√°ticos m√°s frecuentes y devastadores, un mundo en el que cualquier pa√≠s puede perder su rumbo m√°s f√°cilmente y con mayor frecuencia"", ha resumido.La directora del FMI reconoce que la situaci√≥n ""no es f√°cil"" De este modo, para la directora del FMI resulta urgente estabilizar la econom√≠a ante el empeoramiento de perspectivas, para lo que se√±ala en primer lugar la necesidad de domar la elevada inflaci√≥n, aunque ha advertido de que endurecer la pol√≠tica monetaria demasiado y demasiado r√°pido, y hacerlo de manera sincronizada en todos los pa√≠ses, podr√≠a empujar a muchas econom√≠as a una recesi√≥n prolongada.""La inflaci√≥n se ha mantenido obstinadamente alta y generalizada, lo que significa que los bancos centrales tienen que seguir respondiendo"", ha defendido Georgieva, se√±alando que, en el entorno actual, ""lo correcto"" es actuar con decisi√≥n incluso cuando la econom√≠a inevitablemente se desacelera. ""Esto no es f√°cil, y no evitar√° dolor a corto plazo. Pero la clave es evitar un dolor mucho mayor y m√°s duradero para todos"", ha a√±adido.En cualquier caso, la directora del FMI ha defendido que estas actuaciones urgentes son esenciales, pero insuficientes para revitalizar la econom√≠a mundial y generar resiliencia, por lo que har√°n falta reformas transformadoras.El FMI rebajar√° sus previsiones y alerta de que un tercio de la econom√≠a mundial entrar√° en recesi√≥n A este respecto, ha indicado que los pa√≠ses pueden utilizar marcos fiscales a medio plazo para hacer m√°s sostenibles sus finanzas y crear m√°s espacio presupuestario para invertir en personas y econom√≠as m√°s productivas, incluyendo salud, educaci√≥n y redes de seguridad m√°s s√≥lidas.",https://www.cadenaser.com/nacional/2022/10/06/el-fmi-vuelve-a-rebajar-sus-previsiones-y-augura-que-un-tercio-de-los-paises-de-todo-el-mundo-entrara-en-recesion-cadena-ser/,10,2022-10-06
9,2022-10-06,Pol√≠tica,Pol√≠tica,"Pol√≠tica, Vox","Pol√≠tica, Vox",Madrid,Vox anuncia el cese de Ortega Smith como secretario general del partido y nombra a Ignacio Garriga como sustituto,Vox anuncia el cese de Ortega Smith como secretario general del partido y nombra a Ignacio Garriga como sustituto,"Javier Ortega Smith volver√° a ser el cabeza de lista al Ayuntamiento de Madrid en mayo de 2023 y asegura que deja √©l mismo el cargo porque ""estar en Madrid veinticuatro horas es incompatible con las funciones de secretario general""","MadridJavier Ortega Smith deja de ser secretario general de Vox y volver√° a ser el cabeza de lista al Ayuntamiento de Madrid en mayo de 2023, una decisi√≥n que ha adoptado el Comit√© Ejecutivo Nacional de la formaci√≥n de extrema derecha, que ha aprobado tambi√©n que su sustituto sea Ignacio Garriga, hasta ahora portavoz en el Parlamento de Catalu√±a.Seg√∫n ha informado en un comunicado el partido, Ortega Smith ha aceptado liderar la candidatura y ha sido √©l el que ha presentado su renuncia al cargo de secretario general del partido ""para dedicarse por completo a tratar de conseguir la alcald√≠a de la capital"". Sin embargo, las turbulencias que se viven en el partido desde la reciente salida de Olona han levantado dudas sobre el origen de esta decisi√≥n.En todo caso, el presidente de Vox, Santiago Abascal, ha propuesto que Ortega Smith pase a ser vicepresidente del partido, mientras que el cargo de secretario general que hasta ahora ocupaba pasar√° a Ignacio Garriga, portavoz de la formaci√≥n en el Parlamento de Catalu√±a.M√°s informaci√≥nNadia Calvi√±o, indignada ante Vox: ""¬øC√≥mo puede ser, se√±or Espinosa de los Monteros, que no conozca a ning√∫n espa√±ol real?""Adem√°s de candidato y vicepresidente de Vox, Ortega Smith ser√° propuesto responsable de las acciones jur√≠dicas del grupo parlamentario en el Congreso de los Diputados, funciones entre las que se encuentran los recursos presentados ante el Tribunal Constitucional.Tras aceptar su designaci√≥n como candidato a las elecciones municipales en la capital, Ortega Smith ha dicho que trabajar√° para conseguir que Vox se haga con la Alcald√≠a y para ""recuperar la libertad que han perdido los madrile√±os -por ejemplo en materia de movilidad- acabando con las pol√≠ticas confiscatorias y de izquierda que se han mantenido en el consistorio"".En este sentido, el candidato de extrema derecha ha desvinculado este movimiento interno de la reciente salida de Vox de la que fue su candidata en Andaluc√≠a, Macarena Olona. Seg√∫n numerosas informaciones publicadas, la tensi√≥n entre ambos pudo ser un detonante de la decisi√≥n de Olona. As√≠ Ortega Smith ha asegurado que ""no tiene nada que ver"".Adem√°s, ha incidido en que la √∫nica motivaci√≥n que responde a este cambio es que ""estar en Madrid veinticuatro horas es incompatible con las funciones de secretario general"". Por su parte, Olona ha publicado un mensaje en Twitter: Hoy solo deber√≠amos tener palabras de agradecimiento. Gracias por tu servicio, Ortega Smith. Espa√±a, lo primero"".Hoy solo deber√≠amos tener palabras de agradecimiento. Gracias por tu servicio, @Ortega_Smith. Espa√±a, lo primero. pic.twitter.com/rRVvzXFQb8‚Äî Macarena Olona (@Macarena_Olona) October 6, 2022

",https://www.cadenaser.com/nacional/2022/10/06/vox-anuncia-el-cese-de-ortega-smith-como-secretario-general-del-partido-y-nombra-a-ignacio-garriga-como-sustituto-cadena-ser/,13,2022-10-06
10,2022-10-06,Sociedad,Sociedad,"Sociedad, Casa Real, Felipe VI, Reina Letizia, Presupuestos Casa Real, Presupuestos Generales Estado","Sociedad, Casa Real, Felipe VI, Reina Letizia, Presupuestos Casa Real, Presupuestos Generales Estado",Madrid,Se publica el presupuesto de la Casa Real: esto es lo que cobrar√°n Felipe VI y Letizia en 2023,Se publica el presupuesto de la Casa Real: esto es lo que cobrar√°n Felipe VI y Letizia en 2023,Los sueldos de los reyes Felipe y Letizia y de la reina Sof√≠a han subido este a√±o un 2 por ciento,"MadridLa Casa del Rey vuelve a congelar por tercer a√±o consecutivo su presupuesto anual en 8,43 millones de euros, tal y como est√° recogido en el proyecto de Presupuestos Generales del Estado para 2023 presentado este jueves en el Congreso.Desde 2021, el Ejecutivo ha adjudicado a la Jefatura del Estado la misma cantidad, que se mantiene en cantidades muy similares desde hace casi una d√©cada, en la etapa final del reinado de Juan Carlos I.No obstante, en ese presupuesto no se recogen todas las partidas relacionadas con las actividades de la Corona, como puedan ser las de seguridad o los gastos que asume Patrimonio Nacional. La Constituci√≥n confiere a Felipe VI la potestad de distribuir a su voluntad el dinero asignado por el Gobierno a la Casa del Rey.Seg√∫n el informe de ejecuci√≥n presupuestaria hecho p√∫blico este a√±o, la Casa Real tuvo un super√°vit de 889.316 euros en su cuentas del pasado a√±o, sobre ese presupuesto inicial de 8,43 millones, lo que le permiti√≥ tener un saldo de tesorer√≠a de 5,8 millones.La pr√°ctica totalidad de ese saldo de tesorer√≠a (5,6 millones) est√° depositado en cuentas bancarias en diversas entidades financieras. Para el actual ejercicio, la Familia Real tiene una retribuci√≥n global de 507.000 millones de euros.Los sueldos de los reyes Felipe y Letizia y de la reina Sof√≠a han subido este a√±o un 2 por ciento, por lo que Felipe VI cobrar√° unos 259.000 euros y do√±a Letizia algo m√°s de 142.000 euros. Por su parte, la reina Sof√≠a cobrar√° 116.525 euros en 2022, unos 2.000 m√°s que en 2021.A partir del a√±o pr√≥ximo, el Tribunal de Cuentas fiscalizar√° mediante una auditor√≠a externa la actividad econ√≥mica y financiera de la Casa Real y en qu√© gasta su presupuesto, seg√∫n establece un decreto aprobado por el Gobierno sobre la estructura y el funcionamiento de la Jefatura del Estado para reforzar su transparencia.",https://www.cadenaser.com/nacional/2022/10/06/se-publica-el-presupuesto-de-la-casa-real-esto-es-lo-que-cobraran-felipe-vi-y-letizia-en-2023-cadena-ser/,15,2022-10-06
11,2022-10-06,La Ventana,Ciencia,"Ciencia, Tecnolog√≠a","Ciencia, Tecnolog√≠a",Madrid,"¬øEs posible cultivar lechugas en el espacio? ""Estamos experimentando con tierra de Lanzarote, que cuenta con las mismas condiciones que Marte o la luna""","¬øEs posible cultivar lechugas en el espacio? ""Estamos experimentando con tierra de Lanzarote, que cuenta con las mismas condiciones que Marte o la luna""","El fundador de 'Moon Project', Jos√© Mar√≠a Ortega-Hern√°ndez, ha ideado unos invernaderos lunares con los que abastecer a estaciones y misiones espaciales","MadridMarte, al igual que el planeta tierra, tiene estaciones. De hecho, durante el equinoccio tambi√©n da la bienvenida al oto√±o en el hemisferio norte. Pues ambos astros mantienen inclinados su eje durante su periodo de traslaci√≥n. M√°s all√° de su apariencia √°rida y rojiza, las caracter√≠sticas terrenales del planeta rojo podr√≠an ser propicias para recrear cultivos de subsistencia, eso s√≠, dentro de unas condiciones controladas.Matt Damon, en su faceta de bot√°nico e ingeniero en la pel√≠cula 'Marte', fue capaz de cultivar patatas recreando un invernadera con una colonia espacial casi destruida. Literatura o no, un ingeniero malague√±o de 29 a√±os, Jos√© Mar√≠a Ortega-Hern√°ndez se ha propuesto cultivar frutas y hortalizas en la luna. En el √∫nico sat√©lite donde el ser humano ya ha podido germinar semillas.En el a√±o 2019, la misi√≥n espacial china, la Change 4, intent√≥ cultivar semillas de algod√≥n, colza o, paradojicamente, de patatas. Solo germinaron las de la fibra textil. Pero el fundador y coordinador general de 'Moon Project' cree que es posible recrear las condiciones de la tierra mediante unos ""sistemas cerrados"".La idea se basa en crear unos invernaderos que ""sirvan para generar ox√≠geno y reducir el di√≥xido de carbono"". En estas bases, que podr√≠an servir de soporte para las estaciones y misiones espaciales, pretenden crear una producci√≥n de tomates, zanahorias e, incluso lechugas. Una idea que ya cuenta con ensayos en los laboratorios de sus socios en Granada.El primer fertilizante espacial""Hacemos experimentos con tierra de la isla de Lanzarote"", declara Ortega-Hern√°ndez. La isla de fuego cuenta con condiciones similares a la luna y Marte, debido a su ""origen volc√°nico y bas√°ltico"". Aunque en el sat√©lite terrestre la obtenci√≥n de agua, esencial para la vida, es m√°s que compleja, ya que ""para obtener un litro deber√≠amos remover cuatro toneladas de tierra"", asegura.Aunque apuesten por estos productos, el encargado del proyecto se√±ala que a√∫n tienen que ""valorar su eficiencia y la cantidad de vitaminas y nutrientes que aportan"". Pero, gracias al ""simulante de suelo"" que ha desarrollado la Universidad Complutense de Madrid, este avance est√° cada vez m√°s cerca, ya que, ""estamos desarrollando el primer fertilizante espacial"", culmina.",https://www.cadenaser.com/nacional/2022/10/06/es-posible-cultivar-lechugas-en-el-espacio-estamos-experimentando-con-tierra-de-lanzarote-que-cuenta-con-las-mismas-condiciones-que-marte-o-la-luna-cadena-ser/,17,2022-10-06
12,2022-10-06,Pol√≠tica,Pol√≠tica,"Pol√≠tica, Castilla y Le√≥n, Violencia g√©nero","Pol√≠tica, Castilla y Le√≥n, Violencia g√©nero",Valladolid,"Zapatero muestra ""compasi√≥n"" por Ma√±ueco cuando escucha hablar a Garc√≠a-Gallardo sobre violencia de g√©nero ","Zapatero muestra ""compasi√≥n"" por Ma√±ueco cuando escucha hablar a Garc√≠a-Gallardo sobre violencia de g√©nero ","En concreto, sobre este hecho, ha incidido en que ""es quererse situar fuera del ordenamiento jur√≠dico internacional, porque la violencia de g√©nero es un concepto de Naciones Unidas, como la libertad de expresi√≥n, como el derecho de reuni√≥n, es un concepto universalmente asumido"".","ValladolidEl expresidente del Gobierno Jos√© Luis Rodr√≠guez Zapatero ha se√±alado que siente ""compasi√≥n"" por el presidente de la Junta de Castilla y Le√≥n, Alfonso Fern√°ndez Ma√±ueco, cuando escucha manifestaciones del vicepresidente de la Junta, Juan Garc√≠a-Gallardo, sobre violencia de g√©nero.""Yo cuando oigo al vicepresidente de esta comunidad en lo que pienso es en el presidente, debo decir que me da una cierta compasi√≥n por el presidente Ma√±ueco, porque el que lo debe pasarlo peor debe ser √©l"", ha apuntado.Recibe la Newsletter diaria de  Cadena SERToda la informaci√≥n que necesitas para empezar el d√≠a¬°Suscr√≠bete gratis!En un encuentro con los medios de comunicaci√≥n en la Facultad de Derecho de la Universidad de Salamanca (USAL), donde ha impartido una conferencia sobre igualdad, ha respondido sobre Vox, que forma parte de la Junta de Castilla y Le√≥n y que evita el uso del t√©rmino ""violencia de g√©nero"".En concreto, sobre este hecho, ha incidido en que ""es quererse situar fuera del ordenamiento jur√≠dico internacional, porque la violencia de g√©nero es un concepto de Naciones Unidas, como la libertad de expresi√≥n, como el derecho de reuni√≥n, es un concepto universalmente asumido"".""Por tanto, esto me sorprende, me preocupa que haya una fuerza pol√≠tica que est√© en un gobierno que niegue el concepto de violencia de g√©nero"", ha apostillado antes de impartir su conferencia sobre igualdad en la Facultad de Derecho de la USAL.",https://www.cadenaser.com/castillayleon/2022/10/06/zapatero-muestra-compasion-por-manueco-cuando-escucha-hablar-a-garcia-gallardo-sobre-violencia-de-genero-radio-valladolid/,22,2022-10-06
13,2022-10-06,Tribunales,Tribunales,"Tribunales, Tribunal Supremo, Sentencias, Malos tratos, Violencia machista","Tribunales, Tribunal Supremo, Sentencias, Malos tratos, Violencia machista",Madrid,"El Supremo revoca el r√©gimen de visitas a un maltratador reincidente por ser un ""p√©simo modelo"" para su hija de cuatro a√±os  ","El Supremo revoca el r√©gimen de visitas a un maltratador reincidente por ser un ""p√©simo modelo"" para su hija de cuatro a√±os  ",La sala de lo civil revoca una sentencia de la Audiencia de Santa de Cruz de Tenerife que √°ccedi√≥ a que el condenado pudiera visitar a su hija en un Punto de Encuentro Familiar   ,"MadridLa sala de lo civil del Tribunal Supremo ha retirado el r√©gimen de visitas que se celebraban en un punto de encuentro familiar a un maltratador reincidente que tuvo que ingresar en prisi√≥n condenado por los delitos de maltrato y amenazas leves. El alto tribunal revoca la sentencia de la Audiencia de Santa Cruz de Tenerife porque considera que una persona ""impulsiva y hostil que se encuentra la mayor parte del tiempo furioso y expresa libremente su ira y su hostilidad no garantiza la integridad de la menor"".M√°s informaci√≥nEl Supremo rebaja la condena a un hombre que degoll√≥ a su pareja tras asestarle 83 pu√±aladas delante de sus hijas, a las que abandon√≥ junto al cad√°verLa sentencia recuerda que la violencia machista del condenado contra su pareja ""implica un desprecio por la persona m√°s importante en la vida de la menor"" y a√±ade que presenta ""desajuste psicol√≥gicos"" sin que haya constancia de que siga los tratamientos prescritos por sanitarios.Los magistrados concluyen subrayando que si el padre ""tiene un prop√≥sito serio y real de comunicarse con su hija debe controlar sus impulsos y su situaci√≥n de dominio derivada de una violencia de g√©nero no superada que constituye un p√©simo modelo para desarrollar el rol paterno respecto de una ni√±a de cuatro a√±os"".Play/Pause""La violencia machista ya ha matado m√°s que ETA en sus 42 a√±os de existencia"": Miguel Lorente, exdelegado del Gobierno para la Violencia de G√©nero13:04Mostrar OpcionesCerrarDescargarCompartirCerrarCompartirFacebookTwitterLinkedinWhatsappEmbeberEl c√≥digo iframe se ha copiado en el portapapeles<iframe src=""https://cadenaser.com/embed/audio/460/1655134512134/"" width=""100%"" height=""360"" frameborder=""0"" allowfullscreen></iframe>",https://www.cadenaser.com/nacional/2022/10/06/el-supremo-revoca-el-regimen-de-visitas-a-un-maltratador-reincidente-por-ser-un-pesimo-modelo-para-su-hija-de-cuatro-anos-cadena-ser/,23,2022-10-06
14,2022-10-06,100 Yardas,Deportes,"Deportes, F√∫tbol americano","Deportes, F√∫tbol americano",Madrid,La SER y la NFL se asocian para emitir las mejores im√°genes de f√∫tbol americano en 100 Yardas,La SER y la NFL se asocian para emitir las mejores im√°genes de f√∫tbol americano en 100 Yardas,"100 Yardas de la Cadena SER emitir√°, todos los martes por la ma√±ana, un programa resumen con las im√°genes m√°s destacadas de la NFL que podr√° verse en abierto y de manera totalmente gratuita","MadridLa Cadena SER y la NFL llegan a un acuerdo sin precedentes con el objetivo de hacer crecer el seguimiento de la liga profesional de f√∫tbol americano en Espa√±a. Por ello, se han asociado para crear un contenido exclusivo en forma de programa resumen de la jornada NFL. Llevar√° la firma y el incomparable estilo del equipo l√≠der de la NFL en nuestro pa√≠s: 100 Yardas de la Cadena SER, un proyecto audiovisual que cerr√≥ la pasada temporada con m√°s de 3 millones de visitas y descargas.El equipo que comanda Jos√© Antonio Ponseti publicar√° cada ma√±ana de martes, nada m√°s finalizar la jornada NFL, un programa de m√°s de media hora con las im√°genes m√°s destacadas de cada partido, que podr√°n verse en abierto y de manera completamente gratuita. El propio Ponseti, junto a Javier G√≥mez, Iker Sagasti y Luis Jones analizar√°n los momentos m√°s importantes de la jornada, firmados por las grandes estrellas de la NFL, como Tom Brady, Aaron Rodgers, Patrick Mahomes o Josh Allen.Adem√°s, el Grupo PRISA asume a esta colaboraci√≥n a trav√©s del contenido digital del Diario As, del peri√≥dico El Pa√≠s y de LOS40, que completar√°n el contenido ofrecido por la Cadena SER, con un formato adaptado a redes y de f√°cil consumo para sus espectadores: un resumen de tres minutos, tambi√©n con im√°genes en abierto de la NFL y a cargo del equipo de 100 Yardas.Este acuerdo pionero pretende facilitar que el seguimiento de la NFL crezca en Espa√±a, despu√©s de que esta competici√≥n haya escogido nuestro pa√≠s como uno de sus principales mercados internacionales de referencia y con la posibilidad de que, en pocos a√±os, se dispute un partido de la NFL en tierras espa√±olas. 100 Yardas es ya una referencia audiovisual en castellano para los seguidores de la NFL en Espa√±a y Latinoam√©rica.La Cadena SER es la √∫nica radio espa√±ola que retransmite la Super Bowl en directo desde el estadio y 100 Yardas se ha convertido en la referencia y l√≠der de audiencia en Espa√±a en podcast y canales audiovisuales relacionados con el f√∫tbol americano. Ahora, el programa de la SER da un paso m√°s, de la mano de la propia NFL, para traer im√°genes en abierto a una afici√≥n que no deja de crecer cada a√±o.",https://www.cadenaser.com/nacional/2022/10/06/la-ser-y-la-nfl-se-asocian-para-emitir-las-mejores-imagenes-de-futbol-americano-en-100-yardas-cadena-ser/,31,2022-10-06
15,2022-10-06,Sociedad,Sociedad,"Sociedad, Jorge Javier V√°zquez, S√°lvame, Vox, Telecinco","Sociedad, Jorge Javier V√°zquez, S√°lvame, Vox, Telecinco",Madrid,"Jorge Javier V√°zquez emprender√° acciones legales si el rapero Santaflow canta ""amenazas"" contra √©l en el acto de Vox","Jorge Javier V√°zquez emprender√° acciones legales si el rapero Santaflow canta ""amenazas"" contra √©l en el acto de Vox","El presentador de 'S√°lvame' ha emitido un comunicado de sus abogados donde piden que no interprete la canci√≥n 'La locura est√° en m√≠' en el evento ""Viva 22"" ","MadridJorge Javier V√°zquez ha pedido este jueves al partido pol√≠tico Vox que tome las medidas oportunas para evitar que se realicen manifestaciones que vulneren los derechos del presentador durante la celebraci√≥n del evento ""Viva 22"". M√°s informaci√≥nOssorio no rectifica: insiste en que ""no tiene sentido"" investigar las muertes en las residencias y acusa a la izquierda de ""hacer da√±o a los familiares""Dabiz Mu√±oz habla sobre su pasado en el Atl√©tico y revela por qu√© dej√≥ su prometedora carrera para dedicarse a la gastronom√≠aA trav√©s de un comunicado, los abogados de Jorge Javier han manifestado que la canci√≥n 'La locura est√° en m√≠', que incluye la frase ""quiero pegar al mariconazo de Jorge Javier"", ""vulnera el derecho al honor de Jorge Javier V√°zquez y podr√≠a ser constitutiva de los delitos de odio y amenazas"". El rapero Santaflow, que incluye dicha canci√≥n en su repertorio, es uno de los invitados que participar√°n en el evento organizado por el partido de ultraderecha y que se celebrar√° el pr√≥ximo 8 y 9 de octubre en Madrid con motivo del D√≠a de la Hispanidad. V√°zquez, por su parte, ha compartido una imagen que refleja el comunicado de sus representantes legales. ""No cabe el silencio contra el odio porque el silencio mata"", ha a√±adido, en el tuit donde ha compartido los p√°rrafos de sus abogados. El caso lleg√≥ el pasado martes al Congreso de los Diputados despu√©s de que Joan Baldov√≠, diputado de Comprom√≠s, criticase la participaci√≥n del rapero en el acto de Vox. ""Est√°n ustedes promoviendo el odio y la discriminaci√≥n"", anunci√≥ desde la tribuna de oradores del Congreso. ",https://www.cadenaser.com/nacional/2022/10/06/jorge-javier-vazquez-emprendera-acciones-legales-si-el-rapero-santaflow-canta-amenazas-contra-el-en-el-acto-de-vox-cadena-ser/,36,2022-10-06
16,2022-10-06,Ocio y cultura,Cultura,"Cultura, Justin Bieber, Conciertos, Enfermedades","Cultura, Justin Bieber, Conciertos, Enfermedades",Madrid,Justin Bieber cancela su gira mundial por problemas de salud: as√≠ afectar√° a Espa√±a,Justin Bieber cancela su gira mundial por problemas de salud: as√≠ afectar√° a Espa√±a,"El cantante iba a actuar en Madrid y Barcelona, dos conciertos que tambi√©n se ven afectados y a los que la organizaci√≥n buscar√° nuevas fechas | Las entradas seguir√°n siendo v√°lidas","MadridJustin Bieber ha cancelado los conciertos de su gira 'Justice World Tour' de los pr√≥ximos cuatro meses, incluidas las dos citas previstas en Madrid y Barcelona, seg√∫n ha anunciado este jueves la promotora Doctor Music.Comunicado oficial üö®@justinbieber aplaza su gira 'Justice World Tour'. Estamos trabajando para confirmar nuevas fechas para los conciertos de Madrid y Barcelona.‚ö†Ô∏è ¬°Importante! Conservad las entradas ya que ser√°n v√°lidas para las nuevas fechas. ‚ÑπÔ∏è https://t.co/egWpNsv8Vu pic.twitter.com/gosA06JAsv‚Äî Doctor Music (@DoctorMusicTuit) October 6, 2022

El pasado 6 de septiembre, Bieber dijo que no continuar√≠a con la gira debido a que ha vuelto a recaer en sus problemas de salud relacionados con el S√≠ndrome de Ramsay Hunt, que paraliza parte de su rostro.En esa primera tanda de cancelaciones, el cantante no aclar√≥ qu√© conciertos se ve√≠an afectados. Despu√©s, se comunic√≥ que se cancelar√≠an 12 espect√°culos, hasta el 18 de octubre.¬øQu√© es el s√≠ndrome Ramsey Hunt? As√≠ es la enfermedad que ha provocado la par√°lisis facial a Justin BieberAhora son 28 los conciertos afectados por el nuevo aplazamiento, entre ellos los de Madrid del 23 de enero y Barcelona, el 25, adem√°s de fechas en Malasia, Singapur, Filipinas, Indonesia, Jap√≥n, Australia, Nueva Zelanda, Pa√≠ses Bajo, Alemania, Suiza, Portugal e Italia, seg√∫n el listado que aparece la p√°gina web del cantante.Un nuevo aplazamiento en una gira que deber√≠a haber comenzado en 2020 y que primero se pospuso por la pandemia, para comenzar en febrero de este a√±o en San Diego (Estados Unidos). Tras pasar por diez pa√≠ses, Bieber anunci√≥ que se tomaba un descanso para dar prioridad a su salud.Un descanso que se prolonga sin que se conozca cu√°nto tiempo m√°s durar√° ni cu√°ndo se reubicar√°n todas las citas canceladas.Lo que s√≠ se√±ala es que las entradas para los conciertos de Madrid y Barcelona seguir√°n siendo v√°lidas para las nuevas fechas.",https://www.cadenaser.com/nacional/2022/10/06/justin-bieber-cancela-su-gira-mundial-por-problemas-de-salud-asi-afectara-a-espana-cadena-ser/,37,2022-10-06
17,2022-10-06,Hora 14 M√°laga,Sociedad,"Sociedad, M√°laga, Redes sociales, UMA, Derecho, BIC","Sociedad, M√°laga, Redes sociales, UMA, Derecho, BIC",M√°laga,"El bol√≠grafo-chuleta que comparte una profesora de M√°laga y que es toda una ""reliquia"" universitaria ","El bol√≠grafo-chuleta que comparte una profesora de M√°laga y que es toda una ""reliquia"" universitaria ",Un alumno grab√≥ todo un temario de una asignatura de Derecho en once bolis BIC con los que acudi√≥ a un examen,"M√°lagaLa profesora de Derecho Procesal de la Universidad de M√°laga, Yolanda de Lucchi, no pod√≠a imaginar que el 'bol√≠grafo-chuleta' que hab√≠a guardado durante m√°s de una d√©cada en su despacho pod√≠a alcanzar, gracias a las redes sociales, la repercusi√≥n que ha tenido. Se trata de once bol√≠grafos (BIC azul) que requis√≥ durante un examen a un alumno que hab√≠a realizado ""una aut√©ntica obra maestra"" al volcar todo el temario de la asignatura Derecho Procesal Penal en el cuerpo de pl√°stico transparente utilizando para ello una aguja. El alumno fue 'cazado', se le requis√≥ el material, y no aprob√≥ -al menos en aquella convocatoria- la prueba.En el pl√°stico se puede ver las letras, en may√∫scula del temario de la asignatura / Yolanda De LucchiAmpliarDe Lucchi comparti√≥ este mi√©rcoles, a trav√©s de su cuenta de¬†Twitter¬†""una reliquia universitaria"" que encontr√≥ ""haciendo orden"" en su despacho: una 'chuleta' que confisc√≥ a uno de sus antiguos alumnos. La docente a√±ad√≠a un elogio al antiguo estudiante:""¬°Qu√© arte! Las chuletas no son como antes, y ha recibido m√°s de 270.000 me gustas y respuestas, entre ellas la de otros alumnos conmovidos por el 'trabajo' de este antiguo estudiante. La imagen se hizo viral en cuesti√≥n de minutos. La profesora ha explicado en la Cadena SER que los bol√≠grafos estaban en una caja fuerte y que con la publicaci√≥n del las im√°genes solo buscaba compartir con sus compa√±eros docentes las curiosidad que a√∫n guardaba ""y no es la √∫nica: podr√≠amos escribir un libro con an√©cdotas que nos han pasado en todos estos a√±os de ense√±anza en las clases"", explica De Lucchi. Haciendo orden en mi despacho he encontrado esta reliquia universitaria que confiscamos a un alumno hace unos a√±os: el derecho procesal penal en bolis bic. Que arte! #laschuletasnosoncomoantes pic.twitter.com/3J4LMn0RQF‚Äî Yolanda De Lucchi (@procesaleando) October 5, 2022

Uno de los tuiteros que responde a la profesora confiesa conocer ""perfectamente al autor de esta maravillosa obra"",¬†y comparte fotos de otros bol√≠grafos marcados similarmente, ""autorizado, obviando su nombre"" por el artista. Seg√∫n cuenta el compa√±ero del exalumno, la t√©cnica ""era la de suplir la mina de grafito de un portaminas por una aguja, lo que le hac√≠a s√∫perfacil al escribir en el bol√≠grafo"".Hola Yolanda. Conozco perfectamente al autor de esa maravillosa obra. De hecho, me ha autorizado, obviando su nombre, l√≥gicamente, a qu√© os ense√±e algunos m√°s que a√∫n guarda en casa. pic.twitter.com/umd6efGeeq‚Äî Gonzo (@gnlhi) October 5, 2022

""Me cuesta mucho trabajo ver el detalle del temario que hab√≠a plasmado en el bol√≠grafo"", relata la docente ""pero eso hoy ya d√≠a ya no podr√≠a ocurrir. Ahora lo estudiantes no se esforzar√≠an en tener una chuleta tan detallada para venir a un examen. Viven a golpe de clic, a lo que ocurre al instante; eso ya es imposible de ver en la actualidad"", seg√∫n esta profesora que se muestra muy sorprendida por todo la repercusi√≥n. ""Fue una de mis hijas la que me dijo lo que estaba ocurriendo con mi tweet. No me lo pod√≠a creer"". ",https://www.cadenaser.com/andalucia/2022/10/06/el-boligrafo-chuleta-que-comparte-una-profesora-de-malaga-y-que-es-toda-una-reliquia-universitaria-ser-malaga/,39,2022-10-06
18,2022-10-06,Sociedad,Sociedad,"Sociedad, Dani Mart√≠n, Robos, Conciertos","Sociedad, Dani Mart√≠n, Robos, Conciertos",Madrid,"""Espero que uses el dinero para comer"": Dani Mart√≠n triunfa en redes versionando 'Mi carro' para pedir que le devuelvan su guitarra","""Espero que uses el dinero para comer"": Dani Mart√≠n triunfa en redes versionando 'Mi carro' para pedir que le devuelvan su guitarra",El cantante ha interpretado la popular canci√≥n de Manolo Escobar para denunciar el robo de su guitarra,"MadridUnos d√≠as despu√©s de que al cantante Dani Mart√≠n le robaran su guitarra en los camerinos de un concierto en Murcia, el cantante ha pedido por redes sociales que le devuelvan el instrumento, pero lo ha hecho de una manera un tanto original.M√°s informaci√≥nRoban la guitarra de Dani Mart√≠n antes de su concierto en Murcia""¬øD√≥nde est√° mi guitarra? Donde quiera que est√©, mi guitarra es m√≠a"". Aunque parezca la cl√°sica canci√≥n de Manolo Escobar, 'Mi carro', en realidad se trata de una versi√≥n que el propio Mart√≠n ha grabado y subido a su cuenta de Instagram Aunque, aclara, ""producido por Isidro Montalvo. Esta versi√≥n lleva por nombre 'Donde quiera que est√©'.El objetivo del cantante es recuperar la guitarra, aunque, si no lo consigue, Mart√≠n le dirige unas palabras a la persona que robara el instrumento: ""Ojal√° que por lo menos sepas afinarla porque, si no, pobrecita"".Unas palabras que siguen a las que ya pronunci√≥ en su concierto, el mismo d√≠a del robo: ""Espero que la venda y use el dinero para comer"".",https://www.cadenaser.com/nacional/2022/10/06/dani-martin-pide-de-esta-particular-manera-que-le-devuelvan-su-guitarra-cadena-ser/,40,2022-10-06
19,2022-10-06,Sociedad,Sociedad,"Sociedad, M√∫sica, Redes sociales","Sociedad, M√∫sica, Redes sociales",Madrid,"Todo Es Empezar, con La Xinni y Paula Cendejas: ""Superar los comentarios de los haters forma parte del crecimiento de los artistas""","Todo Es Empezar, con La Xinni y Paula Cendejas: ""Superar los comentarios de los haters forma parte del crecimiento de los artistas""",Las artistas nos hablan del despegue de sus carreras musicales a trav√©s de las redes sociales y de c√≥mo lidian con los comentarios y opiniones de sus seguidores,"MadridEn este nuevo episodio de 'Todo es empezar' Paula Cendejas (Madrid, 1995) y La Xinni (Santander, 2002) nos cuentan c√≥mo han arrancado sus carreras musicales, principalmente, a trav√©s de las plataformas digitales. Paula, una de las mayores voces del panorama musical actual, se dio a conocer a trav√©s de Youtube e Instagram, destacando en el g√©nero de Urban Latino. La Xinni, quien nos ha desvelado que su nombre de nacimiento es Andrea, es m√∫sica y tiktoker y acumula en esta red social m√°s de 10 millones de seguidores.Ambas han coincidido en que escribir sus canciones y componer sus temas es algo parecido a ir a terapia, un lugar seguro donde expresar su lado m√°s art√≠stico, sus sentimientos y desahogarse. Adem√°s, nos han confesado c√≥mo trabajan para mostrar su faceta m√°s personal ante sus seguidores y c√≥mo lidian con los comentarios negativos y da√±inos que reciben. ""Superar los comentarios de los haters forma parte del crecimiento de los artistas"", afirman.En 'Todo es empezar' descubrir√°s el √°mbito m√°s privado de estas cantantes, y c√≥mo se enfrentan d√≠a a d√≠a al odio, al escrutinio y a los comentarios de sus millones de seguidores, algo que les ha llevado a ser quienes son actualmente.Todo es empezar es un podcast original de Radio Madrid con guion y producci√≥n de Mar√≠a de Montis y redes de Lydia Payo. En el v√≠deo, Mar√≠a Carbonell. En la direcci√≥n t√©cnica, Mar√≠a Jes√∫s Rodr√≠guez.",https://www.cadenaser.com/cmadrid/2022/10/06/todo-es-empezar-con-la-xinni-y-paula-cendejas-superar-los-comentarios-de-los-haters-forma-parte-del-crecimiento-de-los-artistas-radio-madrid/,41,2022-10-06
20,2022-10-05,Sociedad,Sociedad,"Sociedad, Trufa, Graus, Despoblaci√≥n","Sociedad, Trufa, Graus, Despoblaci√≥n",Barbastro,Del secretismo a las nuevas tecnolog√≠as: as√≠ ha cambiado la comercializaci√≥n de la trufa negra de Graus ,Del secretismo a las nuevas tecnolog√≠as: as√≠ ha cambiado la comercializaci√≥n de la trufa negra de Graus ,El llamado 'diamante negro' en la comarca se ha convertido en un referente en toda Espa√±a,"BarbastroLa localidad de Graus en la comarca de la Ribagorza es uno de los mejores mercados de trufa que se conocen en Espa√±a. Su lonja semanal es una referencia. Ubicado en la Plaza Mayor, en una sala abovedada de la Casa de la Cultura, cada s√°bado por la tarde, coincidiendo con la temporada de recogida, de principios de diciembre hasta mediados de marzo, se puede adquirir trufa en fresco, al detalle y al por mayor.'La Espa√±a Despoblada' de la SER viaja a Graus para explorar los valores de un territorio con magia y saborEsta villa ribagorzana tuvo el primer mercado de trufa que hubo en Arag√≥n y uno de los primeros de Espa√±a. Se cre√≥ en 1947. Ha sido mercado de referencia durante mucho tiempo, hasta los a√±os ochenta del siglo pasado. Sus destinatarios han sido siempre los profesionales de las empresas m√°s importantes dedicadas a la exportaci√≥n o a la transformaci√≥n para su envasado.Se hac√≠a los lunes, d√≠a de feria desde tiempos medievales, en el Bar Lleida. Los bares eran lugares de reuni√≥n y √©ste, en un punto estrat√©gico, se convirti√≥ en un lugar id√≥neo para su desarrollo. Est√° situado en el punto donde confluyen las carreteras que bajan de los valles del √âsera ‚Äîa la que hab√≠a llegado ya un camino que enlazaba con La Fueva‚Äî y del Is√°bena. Desde aqu√≠ la carretera se dirig√≠a al Somontano. All√≠ estaba, tambi√©n, la estaci√≥n de autobuses. El transporte p√∫blico de personas ten√≠a un peso espec√≠fico muy importante cuando no abundaban los coches particulares. El mercado comenzaba el lunes por la tarde, cuando bajaba el autob√∫s del Is√°bena con los cestos y las alforjas de trufa. Ven√≠an, tambi√©n de Benasque, A√≠nsa o de La Fueva, as√≠ como de los alrededores de Graus.La trufa de Huesca, el diamante negro que asienta poblaci√≥nA finales de los a√±os 50 comenzaron a venir directamente representantes de las factor√≠as que transformaban la trufa. El Lleida era restaurante y hotel, con lo que la oferta para aquellos que acud√≠an de lugares m√°s lejanos a comprar trufa para sus industrias era inmejorable. Consuelo Arcas es la actual propietaria de este establecimiento y ha sido testigo de todo el proceso del venta de la trufa. Comenta que en ese tiempo ten√≠an tambi√©n una tienda de ultramarinos. Compraban conejos, perdices y huevos, seg√∫n la temporada, y los enviaban en una camioneta al mercado de El Borne, de Barcelona. ""En una ocasi√≥n, explica, enviaron una trufa que hab√≠an obtenido de unos recolectores catalanes con una nota en la que preguntaba si comprar√≠an ese producto. La respuesta fue positiva y a los quince d√≠as ya hab√≠a env√≠os regulares al mercado barcelon√©s"". En torno a los a√±os 60, dejaron de mandar la caza y los huevos a Barcelona, pero se mantuvieron los env√≠os del preciado hongo. ""Eran sacos de trufas como si fueran de patatas"", comenta Consuelo Arcas.Photographer: Gabi OrteAmpliarPor el mercado de Graus pasan desde hace d√©cadas todos aquellos que ofrecen y los que adquieren el negro hongo, protagonizando un opaco proceso de compraventa inteligible solamente para los implicados y ajeno por completo a quienes no participan en ese ceremonial. El g√©nero no se ve√≠a nunca. A las seis de la ma√±ana del martes pod√≠a haber 100 o 200 personas en el bar. Eran compradores y vendedores. Esa noche no se cerraba. Ven√≠an del resto de Espa√±a y de Francia. Se hablaba de todo menos de trufa. Al acabar el mercado, no se sab√≠a qu√© precio hab√≠a tenido esa noche. Era todo muy secreto. Se pesaba con la romana y se pagaba. Si pasabas por all√≠ y la trufa estaba en el maletero de un coche, se cerraba inmediatamente. As√≠ lo cuenta Antonio Angulo, testigo de excepci√≥n de este mercado muchos a√±os porque, siendo corresponsal de Radio Huesca, informaba de su desarrollo. ""Era un reportaje cl√°sico de invierno, coincidiendo con la temporada de recogida. Pasaba una noche en el Hotel Lleida hasta altas horas de la madrugada para enterarme, adem√°s, de muy poco. Suerte que estaba √Ångel Gracia, persona que tocaba mucha trufa por todos los mercados espa√±oles, que cada a√±o me esperaba y me indicaba qu√© pod√≠a decir porque era imposible hablar con buscadores y compradores. Eran inaccesibles"".Tal vez para corresponder con el negro color del producto que se compraba y vend√≠a, todo era oscuro. ""Comenzando con el producto, recuerda este periodista ribagorzano, siguiendo con el momento del mercado, la noche¬ª, y luego con la oscuridad con que se mov√≠a todo el proceso de compraventa, a la que no ten√≠an acceso los no iniciados. ""Sobre las siete de la tarde, con la oscuridad de la noche, empezaban a llegar los interesados al Hotel Lleida. Unos compraban y otros vend√≠an. Ve√≠as corros pero no o√≠as hablar de trufa"". Todo era una inc√≥gnita para quienes no participaban en este mercado. ¬´Daba la sensaci√≥n de estar al margen de todo"", apostilla Angulo.Adem√°s, cuenta que en ocasiones, ""llegaba hasta la madrugada del martes y quedaban dos o tres personas. Ya estaba el producto en el coche y se cerraba el precio con alg√∫n trufero representativo, buscadores y compradores. Yo preguntaba que d√≥nde estaba la trufa y la respuesta m√°s concreta era que 'por ah√≠'"". Esta artesan√≠a en la comercializaci√≥n de la trufa contrasta ahora con el uso de las nuevas tecnolog√≠as.Nuevo mercado de GrausLos tiempos han cambiado y las formas de trabajar tambi√©n. Ahora, el m√≥vil y otras nuevas tecnolog√≠as son el m√©todo de comercializaci√≥n. No obstante, Graus mantiene su condici√≥n de mercado los lunes, y desde el a√±o 2008, la Asociaci√≥n de Recolectores y Cultivadores de trufa de Arag√≥n organiza un nuevo mercado los s√°bados.Con esta iniciativa se ofrece la trufa directamente al peque√±o consumidor, divulgando este producto muy desconocido para la generalidad de la sociedad. A diferencia de lo que ha sucedido tradicionalmente en los mercados de trufa, aqu√≠ se ve, se huele y se toca el producto que podemos comprar. El consumidor final pasa a ser comprador directo de la trufa. El cliente no es el industrial o el gran consumidor, como sucede en los mercados tradicionales, habitualmente opacos para los consumidores particulares.Adem√°s, la oferta del mercado de los s√°bados en Graus se completa con un bar en el que restaurantes de la zona ofrecen tapas elaboradas con trufa en maridaje con vinos del Somontano, una combinaci√≥n muy interesante.De todo esto se hablar√° el pr√≥ximo 14 de octubre en localidad en el foro La Espa√±a Despoblada, organizado por la Cadena SER. Un encuentro donde se abordar√°n posibles recetas para hacer frente al reto demogr√°fico y se presentar√° la zona como la tierra de oportunidades que es.Huesca aprueba un plan para el fomento del empleo en peque√±as localidades de menos de 5.000 habitantesInvestigaci√≥nAnte el desconocimiento que a√∫n existe hoy en d√≠a sobre la trufa negra, desde la Diputaci√≥n de Huesca se decidi√≥ poner en marcha en 2009 el Centro de Investigaci√≥n y Experimentaci√≥n en Truficultura (CIET), situado en la localidad ribagorzana de Graus. Desde que comenz√≥ su andadura, el CIET mantiene abiertas varias l√≠neas de investigaci√≥n que buscan mejorar la producci√≥n y el aprovechamiento de la trufa y tambi√©n presta servicios de asesoramiento, formaci√≥n o edici√≥n de materiales de inter√©s para el cultivo de la trufa.Uno de los proyectos en los que trabaja el CIET es en una red de parcelas colaboradoras, parcelas privadas destinadas a la truficultura donde mediante acuerdos de colaboraci√≥n se puedan realizar trabajos en parcelas de diferentes edades y condiciones de suelo, altitud, etc‚Ä¶ para profundizar en la investigaci√≥n sobre las condiciones √≥ptimas de cultivo.",https://www.cadenaser.com/aragon/2022/10/05/del-secretismo-a-las-nuevas-tecnologias-asi-ha-cambiado-la-comercializacion-de-la-trufa-negra-de-graus-ser-aragon-oriental/,44,2022-10-06
21,2022-10-05,Sociedad,Sociedad,"Sociedad, Espa√±a vac√≠a, Poblaci√≥n rural, Galicia, Ames, Radio Galicia, Despoblaci√≥n, Foros Cadena SER","Sociedad, Espa√±a vac√≠a, Poblaci√≥n rural, Galicia, Ames, Radio Galicia, Despoblaci√≥n, Foros Cadena SER",Santiago de Compostela,Ames acoger√° el foro de la SER para abordar el fen√≥meno de la despoblaci√≥n ,Ames acoger√° el foro de la SER para abordar el fen√≥meno de la despoblaci√≥n ,"El pr√≥ximo jueves 27 de octubre, 'La Espa√±a Despoblada' propondr√° alternativas para fijar poblaci√≥n desde un ayuntamiento que es un referente en pol√≠ticas de conciliaci√≥n  ","Santiago de CompostelaEn un momento en el que Galicia atraviesa una profunda crisis demogr√°fica, la Cadena SER lleva hasta Ames, un lim√≠trofe con Santiago (A Coru√±a), su foro La Espa√±a Despoblada para analizar las necesidades de conciliaci√≥n en el rural, las medidas que se est√°n adoptando en los diferentes ayuntamientos, los desaf√≠os a los que se enfrentan los ayuntamientos m√°s peque√±os para facilitar la conciliaci√≥n de la vida familiar y laboral de sus habitantes.Desde Ames abordaremos el reto demogr√°fico al que se enfrenta Galicia con diferentes expertos en la materia, con el objetivo de aportar propuestas ante uno de los problemas que marcan la agenda de las administraciones locales y auton√≥mica. En Ames conoceremos tambi√©n lo que es una aldea modelo, y con qu√© objetivo se ha creado esta iniciativa de la Xunta. Un instrumento para recuperar y fijar poblaci√≥n en los entornos rurales de la comunidad.Es la tercera vez que Radio Galicia acoge La Espa√±a Despoblada tras las ediciones celebradas en Touro y Dodro con el impulso de Fen√≠e Energ√≠a. Esta es una iniciativa que lleva a cabo a nivel nacional la Cadena SER para poner voz y dar visibilidad a las historias de quienes luchan por mantener vivos los n√∫cleos de poblaci√≥n en zonas perif√©ricas, con todo lo que ello conlleva: la ventaja de un modo de vida m√°s cercano a la naturaleza, pero con los inconvenientes de no contar con la misma gama y calidad de servicios p√∫blicos y privados. Algo que se traduce muchas veces en abandono y falta de oportunidades, lo que acrecienta el problema de despoblaci√≥n.",https://www.cadenaser.com/galicia/2022/10/05/ames-acogera-el-foro-de-la-ser-para-abordar-el-fenomeno-de-la-despoblacion-radio-galicia/,45,2022-10-06
